{"\u5357\u97d3": 2111.9729269399686, "\u6c99\u70cf\u5730\u963f\u62c9\u4f2f": 2155.5766512997166, "\u54e5\u65af\u5927\u9ece\u52a0": 2126.473196871793, "\u7f8e\u570b": 1969.2476420688463, "\u5fb7\u570b": 2045.9070167178172, "\u4e2d\u570b": 2177.819881232885, "\u6cf0\u570b": 2142.826918248032, "\u4f0a\u62c9\u514b": 2170.074171983341, "\u963f\u62c9\u4f2f\u806f\u5408\u5927\u516c\u570b": 2179.8550245421984, "\u5948\u53ca\u5229\u4e9e": 2206.5018947846056, "\u5df4\u62c9\u572d": 2172.5435921530734, "\u70cf\u62c9\u572d": 2072.8925078170346, "\u963f\u6839\u5ef7": 1805.822424925462, "\u55ac\u6cbb\u4e9e": 2174.0229453503844, "\u7a81\u5c3c\u897f\u4e9e": 2033.1716296594616, "\u897f\u73ed\u7259": 2034.9873541229276, "\u514b\u7f85\u57c3\u897f\u4e9e": 2064.907915201726, "\u611b\u723e\u862d": 2150.869911495607, "\u6bd4\u5229\u6642": 2009.7227943957687, "\u4fdd\u52a0\u5229\u4e9e": 2184.8652252810625, "\u4e9e\u585e\u62dc\u7136": 2161.5356372805245, "\u82f1\u683c\u862d": 1986.4997692915776, "\u8499\u7279\u5167\u54e5\u7f85": 2147.6113947311046, "\u7f85\u99ac\u5c3c\u4e9e": 2155.903010095061, "\u6fb3\u6d32": 2126.3920932519814, "\u65e5\u672c": 1976.2533868195162, "\u4f0a\u6717": 2092.683930320246, "\u70cf\u8332\u5225\u514b": 2148.8897605397024, "\u611b\u6c99\u5c3c\u4e9e": 2171.1624443144588, "\u4fc4\u7f85\u65af": 2153.901381075709, "\u5580\u9ea5\u9686": 2127.4739536131756, "\u6469\u6d1b\u54e5": 1924.1911437398091, "\u8461\u8404\u7259": 1875.2340931736937, "\u8377\u862d": 1929.2461311019192, "\u6cd5\u570b": 1990.7805137543783, "\u73bb\u5229\u7dad\u4e9e": 2182.1401022930577, "\u5384\u74dc\u591a": 2134.0539434437565, "\u5b8f\u90fd\u62c9\u65af": 2210.149967630093, "\u5343\u91cc\u9054\u53ca\u6258\u5df4\u54e5": 2147.1467853699046, "\u5df4\u897f": 1781.3613115026837, "\u5df4\u62ff\u99ac": 2197.1002566102884, "\u79d8\u9b6f": 2187.6171319239384, "\u58a8\u897f\u54e5": 2062.1600981443944, "\u745e\u58eb": 2120.6567461371533, "\u4e39\u9ea5": 2089.4796142463183, "\u5361\u9054": 2161.3888586331127, "\u7fa9\u5927\u5229": 2145.20679136447, "\u745e\u5178": 2167.3827061512716, "\u6cd5\u7f85\u7fa4\u5cf6": 2152.283087619708, "\u62c9\u812b\u7dad\u4e9e": 2152.9721559694494, "\u8607\u683c\u862d": 2150.3407001625583, "\u54c8\u85a9\u514b": 2151.601709164386, "\u6ce2\u862d": 2130.162928015929, "\u585e\u5167\u52a0\u723e": 2010.6410444375183, "\u585e\u723e\u7dad\u4e9e": 2152.818917472026, "\u5317\u99ac\u5176\u9813": 2163.6068099004956, "\u51b0\u5cf6": 2175.669548027866, "\u65b0\u52a0\u5761": 2146.4683174154516, "\u52a0\u62ff\u5927": 2121.13516324178, "\u7d10\u897f\u862d": 2165.6231236147046, "\u667a\u5229": 2244.9257141839857, "\u6cd5\u5c6c\u572d\u4e9e\u90a3": 2142.480333728267, "\u5eab\u62c9\u7d22": 2158.2763962625254, "\u7259\u8cb7\u52a0": 2223.6219487541707, "\u6558\u5229\u4e9e": 2163.6262596453876, "\u8fe6\u7d0d": 2224.389363981983, "\u6377\u514b": 2198.4195912835103, "\u99ac\u723e\u4ed6": 2146.7003723960142, "\u5a01\u723e\u65af": 2190.5325022245847, "\u5e0c\u81d8": 2149.4550689509397, "\u5308\u7259\u5229": 2114.898510480677, "\u4e9e\u7f8e\u5c3c\u4e9e": 2148.6595979392555, "\u525b\u679c": 2147.6225844883893, "\u525b\u679c\u6c11\u4e3b\u5171\u548c\u570b": 2162.547783373739, "\u5e03\u5409\u7d0d\u6cd5\u7d22": 2168.448966119342, "\u6469\u723e\u591a\u74e6": 2149.376772906099, "\u5217\u652f\u6566\u65af\u767b": 2154.4678747629, "\u571f\u8033\u5176": 2164.1288381864133, "\u99ac\u5229": 2142.053504940195, "\u54e5\u502b\u6bd4\u4e9e": 2131.600424110655, "\u5317\u611b\u723e\u862d": 2151.260271784992, "\u59d4\u5167\u745e\u62c9": 2166.4356558199015, "\u5967\u5730\u5229": 2207.2928849237064, "\u70cf\u5e72\u9054": 2145.9949467833057, "\u6ce2\u58eb\u5c3c\u4e9e\u8207\u8d6b\u585e\u54e5\u7dad\u7d0d": 2153.0372617992493, "\u5e7e\u5167\u4e9e": 2145.478733703467, "\u7dad\u5fb7\u89d2": 2146.393747427654, "\u767d\u4fc4\u7f85\u65af": 2157.7471407798985, "\u7acb\u9676\u5b9b": 2150.147746042885, "\u4ee5\u8272\u5217": 2169.580206157507, "\u70cf\u514b\u862d": 2165.6994571869604, "\u5357\u975e": 2171.398988680755, "\u5c1a\u6bd4\u4e9e": 2143.4961044666898, "\u8c61\u7259\u6d77\u5cb8": 2174.468247068048, "\u5317\u97d3": 2143.086845915877, "\u79d1\u5a01\u7279": 2150.3899425151285, "\u7d04\u65e6": 2164.0598837737657, "\u5b89\u54e5\u62c9": 2142.2318729924373, "\u632a\u5a01": 2144.933137435109, "\u963f\u723e\u53ca\u5229\u4e9e": 2119.99535334499, "\u76e7\u68ee\u5821": 2159.996165149741, "\u65af\u6d1b\u4f10\u514b": 2147.6466861435492, "\u57c3\u53ca": 2152.857192175721, "\u845b\u6469": 2158.583063694598, "\u80af\u4e9e": 2142.865742085931, "\u99ac\u9054\u52a0\u65af\u52a0": 2154.153865922481, "\u53f2\u74e6\u5e1d\u5c3c\u738b\u570b": 2143.071534595666, "\u99ac\u62c9\u5a01": 2165.831645992925, "\u5c3c\u65e5": 2139.278304884003, "\u8607\u4e39": 2150.184159070151, "\u8d64\u9053\u5e7e\u5167\u4e9e": 2178.4366307106816, "\u8863\u7d22\u6bd4\u4e9e": 2159.1105687193876, "\u963f\u723e\u5df4\u5c3c\u4e9e": 2172.6966151636752, "\u963f\u66fc": 2182.3313096954544, "\u5df4\u52d2\u65af\u5766": 2151.672355224489, "\u5409\u723e\u5409\u65af": 2147.7139708344134, "\u8d8a\u5357": 2167.387338683043, "\u9ece\u5df4\u5ae9": 2174.9059733295016, "\u79d1\u7d22\u6c83": 2149.5939339804963, "\u5371\u5730\u99ac\u62c9": 2144.912071551844, "\u585e\u6d66\u8def\u65af": 2150.2558479074864, "\u5b89\u9053\u723e": 2158.0323042843193, "\u99ac\u4e01\u5c3c\u514b": 2165.487437147406, "\u6d77\u5730": 2156.296986707567, "\u5e7e\u5167\u4e9e\u6bd4\u7d22": 2152.318152152997, "\u8c9d\u5357": 2158.5599550985016, "\u8305\u5229\u5854\u5c3c\u4e9e": 2165.6478105257015, "\u76f4\u5e03\u7f85\u9640": 2148.4305246917265, "\u8056\u99ac\u5229\u8afe": 2155.467640133401, "\u65af\u6d1b\u7dad\u5c3c\u4e9e": 2151.2594119160126, "\u9999\u6e2f": 2178.291232288796, "\u7dec\u7538": 2146.680920413559, "\u4e5f\u9580": 2142.9166719008986, "\u5b5f\u52a0\u62c9": 2143.7966665003196, "\u767e\u6155\u9054": 2146.523093833485, "\u4e2d\u570b\u81fa\u5317": 2146.4751057231592, "\u5854\u5409\u514b\u65af\u5766": 2146.854376385226, "\u76e7\u5b89\u9054": 2159.21704085962, "\u8056\u591a\u7f8e\u8207\u666e\u6797\u897f\u6bd4": 2146.301752391224, "\u84b2\u9686\u5730": 2153.2020562529115, "\u963f\u5bcc\u6c57": 2142.9546675980505, "\u53e4\u5df4": 2144.0655014218896, "\u5df4\u6797": 2159.6574594734307, "\u82ac\u862d": 2152.176328298245, "\u83ab\u4e09\u6bd4\u514b": 2152.0928004052876, "\u4e2d\u975e": 2144.4701315586394, "\u5766\u6851\u5c3c\u4e9e": 2143.9290619659655, "\u5229\u6bd4\u4e9e": 2146.1880182565496, "\u958b\u66fc\u7fa4\u5cf6": 2145.854570390954, "\u8499\u53e4": 2146.059495356413, "\u5370\u5ea6": 2145.598859780738, "\u65af\u91cc\u862d\u5361": 2146.282173601865, "\u5c3c\u6cca\u723e": 2145.6956220783222, "\u8607\u5229\u5357": 2166.3648074398307, "\u683c\u6797\u7d0d\u9054": 2162.476114664529, "\u85a9\u723e\u74e6\u591a": 2212.9864050484407, "\u8f9b\u5df4\u5a01": 2170.996075477129, "\u7d0d\u7c73\u6bd4\u4e9e": 2145.620563791927, "\u591a\u54e5": 2150.673123688115, "\u52a0\u84ec": 2142.0576279784004, "\u7518\u6bd4\u4e9e": 2143.3741278523494, "\u535a\u8328\u74e6\u7d0d": 2142.3885, "\u5229\u6bd4\u5229\u4e9e": 2149.452682256264, "\u65af\u6d1b\u6587\u5c3c\u4e9e": 2142.3885, "\u5c3c\u52a0\u62c9\u74dc": 2143.08834319576, "\u591a\u7c73\u5c3c\u52a0": 2142.5366765349263, "\u83f2\u5f8b\u8cd3": 2142.705106701404, "\u571f\u5eab\u66fc": 2146.243868955331, "\u572d\u4e9e\u90a3": 2142.72050011833, "\u67ec\u57d4\u5be8": 2142.8029251027124, "\u5357\u8607\u4e39": 2142.3885, "\u74dc\u5fb7\u7f85\u666e": 2145.6257875182946}